НАЗИВ УЛИЦЕ;НАЗИВ ШКОЛЕ;Slika;Telefon;adresa;Email;sajt
Андрије Славуја;"ОШ ""Ната Јеличић"" Шабац";https://i.ibb.co/kyYVnw6/Natina-skola.jpg;015/343-716, 015/342-489;Јеле Спиридоновић Савић 5, 15000 Шабац;natajelicic@gmail.com;www.os-natajelicic.edu.rs
Боже Милановића;"ОШ ""Ната Јеличић"" Шабац";https://i.ibb.co/kyYVnw6/Natina-skola.jpg;015/343-716, 015/342-490;Јеле Спиридоновић Савић 5, 15000 Шабац;natajelicic@gmail.com;www.os-natajelicic.edu.rs
Боре Тирића;"ОШ ""Ната Јеличић"" Шабац";https://i.ibb.co/kyYVnw6/Natina-skola.jpg;015/343-716, 015/342-491;Јеле Спиридоновић Савић 5, 15000 Шабац;natajelicic@gmail.com;www.os-natajelicic.edu.rs
Боривоја Јевтића;"ОШ ""Ната Јеличић"" Шабац";https://i.ibb.co/kyYVnw6/Natina-skola.jpg;015/343-716, 015/342-492;Јеле Спиридоновић Савић 5, 15000 Шабац;natajelicic@gmail.com;www.os-natajelicic.edu.rs
Васе Андолије;"ОШ ""Ната Јеличић"" Шабац";https://i.ibb.co/kyYVnw6/Natina-skola.jpg;015/343-716, 015/342-493;Јеле Спиридоновић Савић 5, 15000 Шабац;natajelicic@gmail.com;www.os-natajelicic.edu.rs
Владике Николаја Ружичића;"ОШ ""Ната Јеличић"" Шабац";https://i.ibb.co/kyYVnw6/Natina-skola.jpg;015/343-716, 015/342-494;Јеле Спиридоновић Савић 5, 15000 Шабац;natajelicic@gmail.com;www.os-natajelicic.edu.rs
Војводе Бране;"ОШ ""Ната Јеличић"" Шабац";https://i.ibb.co/kyYVnw6/Natina-skola.jpg;015/343-716, 015/342-495;Јеле Спиридоновић Савић 5, 15000 Шабац;natajelicic@gmail.com;www.os-natajelicic.edu.rs
Војводе Путника-десна страна од центра града;"ОШ ""Ната Јеличић"" Шабац";https://i.ibb.co/kyYVnw6/Natina-skola.jpg;015/343-716, 015/342-496;Јеле Спиридоновић Савић 5, 15000 Шабац;natajelicic@gmail.com;www.os-natajelicic.edu.rs
Гаврила Принципа ;"ОШ ""Ната Јеличић"" Шабац";https://i.ibb.co/kyYVnw6/Natina-skola.jpg;015/343-716, 015/342-497;Јеле Спиридоновић Савић 5, 15000 Шабац;natajelicic@gmail.com;www.os-natajelicic.edu.rs
Гетеова;"ОШ ""Ната Јеличић"" Шабац";https://i.ibb.co/kyYVnw6/Natina-skola.jpg;015/343-716, 015/342-498;Јеле Спиридоновић Савић 5, 15000 Шабац;natajelicic@gmail.com;www.os-natajelicic.edu.rs
Господар Јевремова-десна страна од центра града (парни бројеви);"ОШ ""Ната Јеличић"" Шабац";https://i.ibb.co/kyYVnw6/Natina-skola.jpg;015/343-716, 015/342-499;Јеле Спиридоновић Савић 5, 15000 Шабац;natajelicic@gmail.com;www.os-natajelicic.edu.rs
Дамњана Маринковића;"ОШ ""Ната Јеличић"" Шабац";https://i.ibb.co/kyYVnw6/Natina-skola.jpg;015/343-716, 015/342-500;Јеле Спиридоновић Савић 5, 15000 Шабац;natajelicic@gmail.com;www.os-natajelicic.edu.rs
Дебрчка;"ОШ ""Ната Јеличић"" Шабац";https://i.ibb.co/kyYVnw6/Natina-skola.jpg;015/343-716, 015/342-501;Јеле Спиридоновић Савић 5, 15000 Шабац;natajelicic@gmail.com;www.os-natajelicic.edu.rs
Добропољска;"ОШ ""Ната Јеличић"" Шабац";https://i.ibb.co/kyYVnw6/Natina-skola.jpg;015/343-716, 015/342-502;Јеле Спиридоновић Савић 5, 15000 Шабац;natajelicic@gmail.com;www.os-natajelicic.edu.rs
Другог прекобројног пука;"ОШ ""Ната Јеличић"" Шабац";https://i.ibb.co/kyYVnw6/Natina-skola.jpg;015/343-716, 015/342-503;Јеле Спиридоновић Савић 5, 15000 Шабац;natajelicic@gmail.com;www.os-natajelicic.edu.rs
Др Николе Ђорића;"ОШ ""Ната Јеличић"" Шабац";https://i.ibb.co/kyYVnw6/Natina-skola.jpg;015/343-716, 015/342-504;Јеле Спиридоновић Савић 5, 15000 Шабац;natajelicic@gmail.com;www.os-natajelicic.edu.rs
Душана Матића;"ОШ ""Ната Јеличић"" Шабац";https://i.ibb.co/kyYVnw6/Natina-skola.jpg;015/343-716, 015/342-505;Јеле Спиридоновић Савић 5, 15000 Шабац;natajelicic@gmail.com;www.os-natajelicic.edu.rs
Живојина Јуришића;"ОШ ""Ната Јеличић"" Шабац";https://i.ibb.co/kyYVnw6/Natina-skola.jpg;015/343-716, 015/342-506;Јеле Спиридоновић Савић 5, 15000 Шабац;natajelicic@gmail.com;www.os-natajelicic.edu.rs
Заслонска;"ОШ ""Ната Јеличић"" Шабац";https://i.ibb.co/kyYVnw6/Natina-skola.jpg;015/343-716, 015/342-507;Јеле Спиридоновић Савић 5, 15000 Шабац;natajelicic@gmail.com;www.os-natajelicic.edu.rs
Јанка Веселиновића  од улице кнеза Милоша до краја улице;"ОШ ""Ната Јеличић"" Шабац";https://i.ibb.co/kyYVnw6/Natina-skola.jpg;015/343-716, 015/342-508;Јеле Спиридоновић Савић 5, 15000 Шабац;natajelicic@gmail.com;www.os-natajelicic.edu.rs
Јарачких жртава;"ОШ ""Ната Јеличић"" Шабац";https://i.ibb.co/kyYVnw6/Natina-skola.jpg;015/343-716, 015/342-509;Јеле Спиридоновић Савић 5, 15000 Шабац;natajelicic@gmail.com;www.os-natajelicic.edu.rs
Јеле Спиридоновић Савић;"ОШ ""Ната Јеличић"" Шабац";https://i.ibb.co/kyYVnw6/Natina-skola.jpg;015/343-716, 015/342-510;Јеле Спиридоновић Савић 5, 15000 Шабац;natajelicic@gmail.com;www.os-natajelicic.edu.rs
Јована Ђорђевића;"ОШ ""Ната Јеличић"" Шабац";https://i.ibb.co/kyYVnw6/Natina-skola.jpg;015/343-716, 015/342-511;Јеле Спиридоновић Савић 5, 15000 Шабац;natajelicic@gmail.com;www.os-natajelicic.edu.rs
Јове Курсуле;"ОШ ""Ната Јеличић"" Шабац";https://i.ibb.co/kyYVnw6/Natina-skola.jpg;015/343-716, 015/342-512;Јеле Спиридоновић Савић 5, 15000 Шабац;natajelicic@gmail.com;www.os-natajelicic.edu.rs
Јоце Јовановића Шапчанина;"ОШ ""Ната Јеличић"" Шабац";https://i.ibb.co/kyYVnw6/Natina-skola.jpg;015/343-716, 015/342-513;Јеле Спиридоновић Савић 5, 15000 Шабац;natajelicic@gmail.com;www.os-natajelicic.edu.rs
Камичка ;"ОШ ""Ната Јеличић"" Шабац";https://i.ibb.co/kyYVnw6/Natina-skola.jpg;015/343-716, 015/342-514;Јеле Спиридоновић Савић 5, 15000 Шабац;natajelicic@gmail.com;www.os-natajelicic.edu.rs
Кнеза Иве од Семберије;"ОШ ""Ната Јеличић"" Шабац";https://i.ibb.co/kyYVnw6/Natina-skola.jpg;015/343-716, 015/342-515;Јеле Спиридоновић Савић 5, 15000 Шабац;natajelicic@gmail.com;www.os-natajelicic.edu.rs
Кнез Михаилова;"ОШ ""Ната Јеличић"" Шабац";https://i.ibb.co/kyYVnw6/Natina-skola.jpg;015/343-716, 015/342-516;Јеле Спиридоновић Савић 5, 15000 Шабац;natajelicic@gmail.com;www.os-natajelicic.edu.rs
Кнеза Мирослава;"ОШ ""Ната Јеличић"" Шабац";https://i.ibb.co/kyYVnw6/Natina-skola.jpg;015/343-716, 015/342-517;Јеле Спиридоновић Савић 5, 15000 Шабац;natajelicic@gmail.com;www.os-natajelicic.edu.rs
Косте Главинића;"ОШ ""Ната Јеличић"" Шабац";https://i.ibb.co/kyYVnw6/Natina-skola.jpg;015/343-716, 015/342-518;Јеле Спиридоновић Савић 5, 15000 Шабац;natajelicic@gmail.com;www.os-natajelicic.edu.rs
Краља Александра;"ОШ ""Ната Јеличић"" Шабац";https://i.ibb.co/kyYVnw6/Natina-skola.jpg;015/343-716, 015/342-519;Јеле Спиридоновић Савић 5, 15000 Шабац;natajelicic@gmail.com;www.os-natajelicic.edu.rs
Краља Милана ;"ОШ ""Ната Јеличић"" Шабац";https://i.ibb.co/kyYVnw6/Natina-skola.jpg;015/343-716, 015/342-520;Јеле Спиридоновић Савић 5, 15000 Шабац;natajelicic@gmail.com;www.os-natajelicic.edu.rs
Крсмановача;"ОШ ""Ната Јеличић"" Шабац";https://i.ibb.co/kyYVnw6/Natina-skola.jpg;015/343-716, 015/342-521;Јеле Спиридоновић Савић 5, 15000 Шабац;natajelicic@gmail.com;www.os-natajelicic.edu.rs
Лазе Лазаревића;"ОШ ""Ната Јеличић"" Шабац";https://i.ibb.co/kyYVnw6/Natina-skola.jpg;015/343-716, 015/342-522;Јеле Спиридоновић Савић 5, 15000 Шабац;natajelicic@gmail.com;www.os-natajelicic.edu.rs
Љубе Ненадовића;"ОШ ""Ната Јеличић"" Шабац";https://i.ibb.co/kyYVnw6/Natina-skola.jpg;015/343-716, 015/342-523;Јеле Спиридоновић Савић 5, 15000 Шабац;natajelicic@gmail.com;www.os-natajelicic.edu.rs
Љубе Стојановића;"ОШ ""Ната Јеличић"" Шабац";https://i.ibb.co/kyYVnw6/Natina-skola.jpg;015/343-716, 015/342-524;Јеле Спиридоновић Савић 5, 15000 Шабац;natajelicic@gmail.com;www.os-natajelicic.edu.rs
Маре Лукић Јелесић;"ОШ ""Ната Јеличић"" Шабац";https://i.ibb.co/kyYVnw6/Natina-skola.jpg;015/343-716, 015/342-525;Јеле Спиридоновић Савић 5, 15000 Шабац;natajelicic@gmail.com;www.os-natajelicic.edu.rs
Мачванска-десна страна од центра града ( парни бројеви);"ОШ ""Ната Јеличић"" Шабац";https://i.ibb.co/kyYVnw6/Natina-skola.jpg;015/343-716, 015/342-526;Јеле Спиридоновић Савић 5, 15000 Шабац;natajelicic@gmail.com;www.os-natajelicic.edu.rs
Милорада Шапчанина;"ОШ ""Ната Јеличић"" Шабац";https://i.ibb.co/kyYVnw6/Natina-skola.jpg;015/343-716, 015/342-527;Јеле Спиридоновић Савић 5, 15000 Шабац;natajelicic@gmail.com;www.os-natajelicic.edu.rs
Митрополита Фирмилијана  Дражића;"ОШ ""Ната Јеличић"" Шабац";https://i.ibb.co/kyYVnw6/Natina-skola.jpg;015/343-716, 015/342-528;Јеле Спиридоновић Савић 5, 15000 Шабац;natajelicic@gmail.com;www.os-natajelicic.edu.rs
Надежде Петровић;"ОШ ""Ната Јеличић"" Шабац";https://i.ibb.co/kyYVnw6/Natina-skola.jpg;015/343-716, 015/342-529;Јеле Спиридоновић Савић 5, 15000 Шабац;natajelicic@gmail.com;www.os-natajelicic.edu.rs
Николе Цоловића;"ОШ ""Ната Јеличић"" Шабац";https://i.ibb.co/kyYVnw6/Natina-skola.jpg;015/343-716, 015/342-530;Јеле Спиридоновић Савић 5, 15000 Шабац;natajelicic@gmail.com;www.os-natajelicic.edu.rs
Павла Јуришића Штурма;"ОШ ""Ната Јеличић"" Шабац";https://i.ibb.co/kyYVnw6/Natina-skola.jpg;015/343-716, 015/342-531;Јеле Спиридоновић Савић 5, 15000 Шабац;natajelicic@gmail.com;www.os-natajelicic.edu.rs
Паје Јовановића;"ОШ ""Ната Јеличић"" Шабац";https://i.ibb.co/kyYVnw6/Natina-skola.jpg;015/343-716, 015/342-532;Јеле Спиридоновић Савић 5, 15000 Шабац;natajelicic@gmail.com;www.os-natajelicic.edu.rs
Петра Бајаловића;"ОШ ""Ната Јеличић"" Шабац";https://i.ibb.co/kyYVnw6/Natina-skola.jpg;015/343-716, 015/342-533;Јеле Спиридоновић Савић 5, 15000 Шабац;natajelicic@gmail.com;www.os-natajelicic.edu.rs
Петра Сокољанина;"ОШ ""Ната Јеличић"" Шабац";https://i.ibb.co/kyYVnw6/Natina-skola.jpg;015/343-716, 015/342-534;Јеле Спиридоновић Савић 5, 15000 Шабац;natajelicic@gmail.com;www.os-natajelicic.edu.rs
Пилота Илића;"ОШ ""Ната Јеличић"" Шабац";https://i.ibb.co/kyYVnw6/Natina-skola.jpg;015/343-716, 015/342-535;Јеле Спиридоновић Савић 5, 15000 Шабац;natajelicic@gmail.com;www.os-natajelicic.edu.rs
Пилота Танасића;"ОШ ""Ната Јеличић"" Шабац";https://i.ibb.co/kyYVnw6/Natina-skola.jpg;015/343-716, 015/342-536;Јеле Спиридоновић Савић 5, 15000 Шабац;natajelicic@gmail.com;www.os-natajelicic.edu.rs
Пионирска;"ОШ ""Ната Јеличић"" Шабац";https://i.ibb.co/kyYVnw6/Natina-skola.jpg;015/343-716, 015/342-537;Јеле Спиридоновић Савић 5, 15000 Шабац;natajelicic@gmail.com;www.os-natajelicic.edu.rs
Пољопривредна;"ОШ ""Ната Јеличић"" Шабац";https://i.ibb.co/kyYVnw6/Natina-skola.jpg;015/343-716, 015/342-538;Јеле Спиридоновић Савић 5, 15000 Шабац;natajelicic@gmail.com;www.os-natajelicic.edu.rs
Проте Игњата Васића;"ОШ ""Ната Јеличић"" Шабац";https://i.ibb.co/kyYVnw6/Natina-skola.jpg;015/343-716, 015/342-539;Јеле Спиридоновић Савић 5, 15000 Шабац;natajelicic@gmail.com;www.os-natajelicic.edu.rs
Саве Мркаља;"ОШ ""Ната Јеличић"" Шабац";https://i.ibb.co/kyYVnw6/Natina-skola.jpg;015/343-716, 015/342-540;Јеле Спиридоновић Савић 5, 15000 Шабац;natajelicic@gmail.com;www.os-natajelicic.edu.rs
Савска;"ОШ ""Ната Јеличић"" Шабац";https://i.ibb.co/kyYVnw6/Natina-skola.jpg;015/343-716, 015/342-541;Јеле Спиридоновић Савић 5, 15000 Шабац;natajelicic@gmail.com;www.os-natajelicic.edu.rs
Сремска;"ОШ ""Ната Јеличић"" Шабац";https://i.ibb.co/kyYVnw6/Natina-skola.jpg;015/343-716, 015/342-542;Јеле Спиридоновић Савић 5, 15000 Шабац;natajelicic@gmail.com;www.os-natajelicic.edu.rs
Стевана Чалића;"ОШ ""Ната Јеличић"" Шабац";https://i.ibb.co/kyYVnw6/Natina-skola.jpg;015/343-716, 015/342-543;Јеле Спиридоновић Савић 5, 15000 Шабац;natajelicic@gmail.com;www.os-natajelicic.edu.rs
Трг ђачког батаљона;"ОШ ""Ната Јеличић"" Шабац";https://i.ibb.co/kyYVnw6/Natina-skola.jpg;015/343-716, 015/342-544;Јеле Спиридоновић Савић 5, 15000 Шабац;natajelicic@gmail.com;www.os-natajelicic.edu.rs
Трг српских ратника;"ОШ ""Ната Јеличић"" Шабац";https://i.ibb.co/kyYVnw6/Natina-skola.jpg;015/343-716, 015/342-545;Јеле Спиридоновић Савић 5, 15000 Шабац;natajelicic@gmail.com;www.os-natajelicic.edu.rs
Трећег коњичког пука;"ОШ ""Ната Јеличић"" Шабац";https://i.ibb.co/kyYVnw6/Natina-skola.jpg;015/343-716, 015/342-546;Јеле Спиридоновић Савић 5, 15000 Шабац;natajelicic@gmail.com;www.os-natajelicic.edu.rs
Троношка;"ОШ ""Ната Јеличић"" Шабац";https://i.ibb.co/kyYVnw6/Natina-skola.jpg;015/343-716, 015/342-547;Јеле Спиридоновић Савић 5, 15000 Шабац;natajelicic@gmail.com;www.os-natajelicic.edu.rs
Уроша Предића;"ОШ ""Ната Јеличић"" Шабац";https://i.ibb.co/kyYVnw6/Natina-skola.jpg;015/343-716, 015/342-548;Јеле Спиридоновић Савић 5, 15000 Шабац;natajelicic@gmail.com;www.os-natajelicic.edu.rs
Хајдук Станка;"ОШ ""Ната Јеличић"" Шабац";https://i.ibb.co/kyYVnw6/Natina-skola.jpg;015/343-716, 015/342-549;Јеле Спиридоновић Савић 5, 15000 Шабац;natajelicic@gmail.com;www.os-natajelicic.edu.rs
Чеврнтија;"ОШ ""Ната Јеличић"" Шабац";https://i.ibb.co/kyYVnw6/Natina-skola.jpg;015/343-716, 015/342-550;Јеле Спиридоновић Савић 5, 15000 Шабац;natajelicic@gmail.com;www.os-natajelicic.edu.rs
1300 Каплара;"ОШ ""Вук Караџић"" Шабац";https://i.ibb.co/0D7mRNb/Vuk-Karadzic.jpg;Директор: 015/​341-537 Секретаријат: 015/343-326;Вука Караџића 14, Шабац;direktorosvuk@gmail.com;www.osvukkaradzicsabac.edu.rs
Авде Карабеговића;"ОШ ""Вук Караџић"" Шабац";https://i.ibb.co/0D7mRNb/Vuk-Karadzic.jpg;Директор: 015/​341-537 Секретаријат: 015/343-327;Вука Караџића 14, Шабац;direktorosvuk@gmail.com;www.osvukkaradzicsabac.edu.rs
Анте Богићевића;"ОШ ""Вук Караџић"" Шабац";https://i.ibb.co/0D7mRNb/Vuk-Karadzic.jpg;Директор: 015/​341-537 Секретаријат: 015/343-328;Вука Караџића 14, Шабац;direktorosvuk@gmail.com;www.osvukkaradzicsabac.edu.rs
Архимандрита Милорада Рувидића;"ОШ ""Вук Караџић"" Шабац";https://i.ibb.co/0D7mRNb/Vuk-Karadzic.jpg;Директор: 015/​341-537 Секретаријат: 015/343-329;Вука Караџића 14, Шабац;direktorosvuk@gmail.com;www.osvukkaradzicsabac.edu.rs
Архимандрита Стевана Јовановића-од раскрснице са улицом Стојана Новаковића до краја улице;"ОШ ""Вук Караџић"" Шабац";https://i.ibb.co/0D7mRNb/Vuk-Karadzic.jpg;Директор: 015/​341-537 Секретаријат: 015/343-330;Вука Караџића 14, Шабац;direktorosvuk@gmail.com;www.osvukkaradzicsabac.edu.rs
Бањичких жртава;"ОШ ""Вук Караџић"" Шабац";https://i.ibb.co/0D7mRNb/Vuk-Karadzic.jpg;Директор: 015/​341-537 Секретаријат: 015/343-331;Вука Караџића 14, Шабац;direktorosvuk@gmail.com;www.osvukkaradzicsabac.edu.rs
Београдска;"ОШ ""Вук Караџић"" Шабац";https://i.ibb.co/0D7mRNb/Vuk-Karadzic.jpg;Директор: 015/​341-537 Секретаријат: 015/343-332;Вука Караџића 14, Шабац;direktorosvuk@gmail.com;www.osvukkaradzicsabac.edu.rs
Босанска;"ОШ ""Вук Караџић"" Шабац";https://i.ibb.co/0D7mRNb/Vuk-Karadzic.jpg;Директор: 015/​341-537 Секретаријат: 015/343-333;Вука Караџића 14, Шабац;direktorosvuk@gmail.com;www.osvukkaradzicsabac.edu.rs
Браће Недића- од улице Стојана Новаковића до краја улице;"ОШ ""Вук Караџић"" Шабац";https://i.ibb.co/0D7mRNb/Vuk-Karadzic.jpg;Директор: 015/​341-537 Секретаријат: 015/343-334;Вука Караџића 14, Шабац;direktorosvuk@gmail.com;www.osvukkaradzicsabac.edu.rs
Брегалничка;"ОШ ""Вук Караџић"" Шабац";https://i.ibb.co/0D7mRNb/Vuk-Karadzic.jpg;Директор: 015/​341-537 Секретаријат: 015/343-335;Вука Караџића 14, Шабац;direktorosvuk@gmail.com;www.osvukkaradzicsabac.edu.rs
Видовданска;"ОШ ""Вук Караџић"" Шабац";https://i.ibb.co/0D7mRNb/Vuk-Karadzic.jpg;Директор: 015/​341-537 Секретаријат: 015/343-336;Вука Караџића 14, Шабац;direktorosvuk@gmail.com;www.osvukkaradzicsabac.edu.rs
Војводе Вука;"ОШ ""Вук Караџић"" Шабац";https://i.ibb.co/0D7mRNb/Vuk-Karadzic.jpg;Директор: 015/​341-537 Секретаријат: 015/343-337;Вука Караџића 14, Шабац;direktorosvuk@gmail.com;www.osvukkaradzicsabac.edu.rs
Војводе Путника-лева страна  од центра града;"ОШ ""Вук Караџић"" Шабац";https://i.ibb.co/0D7mRNb/Vuk-Karadzic.jpg;Директор: 015/​341-537 Секретаријат: 015/343-338;Вука Караџића 14, Шабац;direktorosvuk@gmail.com;www.osvukkaradzicsabac.edu.rs
Вука Караџића;"ОШ ""Вук Караџић"" Шабац";https://i.ibb.co/0D7mRNb/Vuk-Karadzic.jpg;Директор: 015/​341-537 Секретаријат: 015/343-339;Вука Караџића 14, Шабац;direktorosvuk@gmail.com;www.osvukkaradzicsabac.edu.rs
Господар Јевремова-од раскрнице са улицом Стојана Новаковића до раскрнице са улицом Вука Караџића-лева страна од центра града;"ОШ ""Вук Караџић"" Шабац";https://i.ibb.co/0D7mRNb/Vuk-Karadzic.jpg;Директор: 015/​341-537 Секретаријат: 015/343-340;Вука Караџића 14, Шабац;direktorosvuk@gmail.com;www.osvukkaradzicsabac.edu.rs
Драгише Пењина;"ОШ ""Вук Караџић"" Шабац";https://i.ibb.co/0D7mRNb/Vuk-Karadzic.jpg;Директор: 015/​341-537 Секретаријат: 015/343-341;Вука Караџића 14, Шабац;direktorosvuk@gmail.com;www.osvukkaradzicsabac.edu.rs
Дринског артиљеријског пука;"ОШ ""Вук Караџић"" Шабац";https://i.ibb.co/0D7mRNb/Vuk-Karadzic.jpg;Директор: 015/​341-537 Секретаријат: 015/343-342;Вука Караџића 14, Шабац;direktorosvuk@gmail.com;www.osvukkaradzicsabac.edu.rs
Дулаћева;"ОШ ""Вук Караџић"" Шабац";https://i.ibb.co/0D7mRNb/Vuk-Karadzic.jpg;Директор: 015/​341-537 Секретаријат: 015/343-343;Вука Караџића 14, Шабац;direktorosvuk@gmail.com;www.osvukkaradzicsabac.edu.rs
Зеке Буљубаше;"ОШ ""Вук Караџић"" Шабац";https://i.ibb.co/0D7mRNb/Vuk-Karadzic.jpg;Директор: 015/​341-537 Секретаријат: 015/343-344;Вука Караџића 14, Шабац;direktorosvuk@gmail.com;www.osvukkaradzicsabac.edu.rs
Колонија Мачве;"ОШ ""Вук Караџић"" Шабац";https://i.ibb.co/0D7mRNb/Vuk-Karadzic.jpg;Директор: 015/​341-537 Секретаријат: 015/343-345;Вука Караџића 14, Шабац;direktorosvuk@gmail.com;www.osvukkaradzicsabac.edu.rs
Краљевића Марка;"ОШ ""Вук Караџић"" Шабац";https://i.ibb.co/0D7mRNb/Vuk-Karadzic.jpg;Директор: 015/​341-537 Секретаријат: 015/343-346;Вука Караџића 14, Шабац;direktorosvuk@gmail.com;www.osvukkaradzicsabac.edu.rs
Македонска;"ОШ ""Вук Караџић"" Шабац";https://i.ibb.co/0D7mRNb/Vuk-Karadzic.jpg;Директор: 015/​341-537 Секретаријат: 015/343-347;Вука Караџића 14, Шабац;direktorosvuk@gmail.com;www.osvukkaradzicsabac.edu.rs
Маричка;"ОШ ""Вук Караџић"" Шабац";https://i.ibb.co/0D7mRNb/Vuk-Karadzic.jpg;Директор: 015/​341-537 Секретаријат: 015/343-348;Вука Караџића 14, Шабац;direktorosvuk@gmail.com;www.osvukkaradzicsabac.edu.rs
Мачванска-лева страна од центра града ( непарни бројеви);"ОШ ""Вук Караџић"" Шабац";https://i.ibb.co/0D7mRNb/Vuk-Karadzic.jpg;Директор: 015/​341-537 Секретаријат: 015/343-349;Вука Караџића 14, Шабац;direktorosvuk@gmail.com;www.osvukkaradzicsabac.edu.rs
Милића од Мачве;"ОШ ""Вук Караџић"" Шабац";https://i.ibb.co/0D7mRNb/Vuk-Karadzic.jpg;Директор: 015/​341-537 Секретаријат: 015/343-350;Вука Караџића 14, Шабац;direktorosvuk@gmail.com;www.osvukkaradzicsabac.edu.rs
Милунке Савић;"ОШ ""Вук Караџић"" Шабац";https://i.ibb.co/0D7mRNb/Vuk-Karadzic.jpg;Директор: 015/​341-537 Секретаријат: 015/343-351;Вука Караџића 14, Шабац;direktorosvuk@gmail.com;www.osvukkaradzicsabac.edu.rs
Немањина;"ОШ ""Вук Караџић"" Шабац";https://i.ibb.co/0D7mRNb/Vuk-Karadzic.jpg;Директор: 015/​341-537 Секретаријат: 015/343-352;Вука Караџића 14, Шабац;direktorosvuk@gmail.com;www.osvukkaradzicsabac.edu.rs
Нова 71;"ОШ ""Вук Караџић"" Шабац";https://i.ibb.co/0D7mRNb/Vuk-Karadzic.jpg;Директор: 015/​341-537 Секретаријат: 015/343-353;Вука Караџића 14, Шабац;direktorosvuk@gmail.com;www.osvukkaradzicsabac.edu.rs
Нова 72;"ОШ ""Вук Караџић"" Шабац";https://i.ibb.co/0D7mRNb/Vuk-Karadzic.jpg;Директор: 015/​341-537 Секретаријат: 015/343-354;Вука Караџића 14, Шабац;direktorosvuk@gmail.com;www.osvukkaradzicsabac.edu.rs
Нова 73;"ОШ ""Вук Караџић"" Шабац";https://i.ibb.co/0D7mRNb/Vuk-Karadzic.jpg;Директор: 015/​341-537 Секретаријат: 015/343-355;Вука Караџића 14, Шабац;direktorosvuk@gmail.com;www.osvukkaradzicsabac.edu.rs
Нова 74;"ОШ ""Вук Караџић"" Шабац";https://i.ibb.co/0D7mRNb/Vuk-Karadzic.jpg;Директор: 015/​341-537 Секретаријат: 015/343-356;Вука Караџића 14, Шабац;direktorosvuk@gmail.com;www.osvukkaradzicsabac.edu.rs
Ослобођења- од раскрснице са улицом Стојана Новаковића до краја улице;"ОШ ""Вук Караџић"" Шабац";https://i.ibb.co/0D7mRNb/Vuk-Karadzic.jpg;Директор: 015/​341-537 Секретаријат: 015/343-357;Вука Караџића 14, Шабац;direktorosvuk@gmail.com;www.osvukkaradzicsabac.edu.rs
Подрињска;"ОШ ""Вук Караџић"" Шабац";https://i.ibb.co/0D7mRNb/Vuk-Karadzic.jpg;Директор: 015/​341-537 Секретаријат: 015/343-358;Вука Караџића 14, Шабац;direktorosvuk@gmail.com;www.osvukkaradzicsabac.edu.rs
Ратних инвалида;"ОШ ""Вук Караџић"" Шабац";https://i.ibb.co/0D7mRNb/Vuk-Karadzic.jpg;Директор: 015/​341-537 Секретаријат: 015/343-359;Вука Караџића 14, Шабац;direktorosvuk@gmail.com;www.osvukkaradzicsabac.edu.rs
Рембрантова;"ОШ ""Вук Караџић"" Шабац";https://i.ibb.co/0D7mRNb/Vuk-Karadzic.jpg;Директор: 015/​341-537 Секретаријат: 015/343-360;Вука Караџића 14, Шабац;direktorosvuk@gmail.com;www.osvukkaradzicsabac.edu.rs
Стевана Јаковљевића;"ОШ ""Вук Караџић"" Шабац";https://i.ibb.co/0D7mRNb/Vuk-Karadzic.jpg;Директор: 015/​341-537 Секретаријат: 015/343-361;Вука Караџића 14, Шабац;direktorosvuk@gmail.com;www.osvukkaradzicsabac.edu.rs
Стојана Новаковића;"ОШ ""Вук Караџић"" Шабац";https://i.ibb.co/0D7mRNb/Vuk-Karadzic.jpg;Директор: 015/​341-537 Секретаријат: 015/343-362;Вука Караџића 14, Шабац;direktorosvuk@gmail.com;www.osvukkaradzicsabac.edu.rs
Стојана Чупића;"ОШ ""Вук Караџић"" Шабац";https://i.ibb.co/0D7mRNb/Vuk-Karadzic.jpg;Директор: 015/​341-537 Секретаријат: 015/343-363;Вука Караџића 14, Шабац;direktorosvuk@gmail.com;www.osvukkaradzicsabac.edu.rs
Тамнавска;"ОШ ""Вук Караџић"" Шабац";https://i.ibb.co/0D7mRNb/Vuk-Karadzic.jpg;Директор: 015/​341-537 Секретаријат: 015/343-364;Вука Караџића 14, Шабац;direktorosvuk@gmail.com;www.osvukkaradzicsabac.edu.rs
Цицварића;"ОШ ""Вук Караџић"" Шабац";https://i.ibb.co/0D7mRNb/Vuk-Karadzic.jpg;Директор: 015/​341-537 Секретаријат: 015/343-365;Вука Караџића 14, Шабац;direktorosvuk@gmail.com;www.osvukkaradzicsabac.edu.rs
Шестог пука-десна страна од центра града (парни бројеви);"ОШ ""Вук Караџић"" Шабац";https://i.ibb.co/0D7mRNb/Vuk-Karadzic.jpg;Директор: 015/​341-537 Секретаријат: 015/343-366;Вука Караџића 14, Шабац;direktorosvuk@gmail.com;www.osvukkaradzicsabac.edu.rs
Алексе Шантића-од улице Грмићске  до Ђукановића сокака;"ОШ ""Николај Велимировић"" Шабац";https://i.ibb.co/wBWSzCx/nikolaj-velimirovic.jpg;015/360-110;Владе Јовановића 52, 15000 Шабац;osnikolaj@mts.rs;www.osnvelimirovic.edu.rs
Браће Недића- од улице Стојана Новаковића према центру;"ОШ ""Николај Велимировић"" Шабац";https://i.ibb.co/wBWSzCx/nikolaj-velimirovic.jpg;015/360-110;Владе Јовановића 52, 15000 Шабац;osnikolaj@mts.rs;www.osnvelimirovic.edu.rs
Владе Јовановића од улице Војводе Мишића до Јована Цвијића- обе стране;"ОШ ""Николај Велимировић"" Шабац";https://i.ibb.co/wBWSzCx/nikolaj-velimirovic.jpg;015/360-110;Владе Јовановића 52, 15000 Шабац;osnikolaj@mts.rs;www.osnvelimirovic.edu.rs
Војводе Мишића-од улице Стојана Новаковића до улице Масарикова-обе стране и од улице Масарикова до улице Попа Карана- десна страна од центра града;"ОШ ""Николај Велимировић"" Шабац";https://i.ibb.co/wBWSzCx/nikolaj-velimirovic.jpg;015/360-110;Владе Јовановића 52, 15000 Шабац;osnikolaj@mts.rs;www.osnvelimirovic.edu.rs
Владике Јоаникија  Нешковића;"ОШ ""Николај Велимировић"" Шабац";https://i.ibb.co/wBWSzCx/nikolaj-velimirovic.jpg;015/360-110;Владе Јовановића 52, 15000 Шабац;osnikolaj@mts.rs;www.osnvelimirovic.edu.rs
Војвођанска;"ОШ ""Николај Велимировић"" Шабац";https://i.ibb.co/wBWSzCx/nikolaj-velimirovic.jpg;015/360-110;Владе Јовановића 52, 15000 Шабац;osnikolaj@mts.rs;www.osnvelimirovic.edu.rs
Војислава Илића- од улице Попа Карана до улице Проте Смиљанића;"ОШ ""Николај Велимировић"" Шабац";https://i.ibb.co/wBWSzCx/nikolaj-velimirovic.jpg;015/360-110;Владе Јовановића 52, 15000 Шабац;osnikolaj@mts.rs;www.osnvelimirovic.edu.rs
Господар Јевремова-од улице Масарикова до улице Стојана Новаковића-лева страна од центра града;"ОШ ""Николај Велимировић"" Шабац";https://i.ibb.co/wBWSzCx/nikolaj-velimirovic.jpg;015/360-110;Владе Јовановића 52, 15000 Шабац;osnikolaj@mts.rs;www.osnvelimirovic.edu.rs
Грмићска;"ОШ ""Николај Велимировић"" Шабац";https://i.ibb.co/wBWSzCx/nikolaj-velimirovic.jpg;015/360-110;Владе Јовановића 52, 15000 Шабац;osnikolaj@mts.rs;www.osnvelimirovic.edu.rs
Др Теодора Божина;"ОШ ""Николај Велимировић"" Шабац";https://i.ibb.co/wBWSzCx/nikolaj-velimirovic.jpg;015/360-110;Владе Јовановића 52, 15000 Шабац;osnikolaj@mts.rs;www.osnvelimirovic.edu.rs
Ђукановића сокак-лева страна од центра града;"ОШ ""Николај Велимировић"" Шабац";https://i.ibb.co/wBWSzCx/nikolaj-velimirovic.jpg;015/360-110;Владе Јовановића 52, 15000 Шабац;osnikolaj@mts.rs;www.osnvelimirovic.edu.rs
Јована Цвијића-од Ђукановића сокака до улице Церска-лева страна и од улице Грмићска до Ђукановића сокака- обе стране;"ОШ ""Николај Велимировић"" Шабац";https://i.ibb.co/wBWSzCx/nikolaj-velimirovic.jpg;015/360-110;Владе Јовановића 52, 15000 Шабац;osnikolaj@mts.rs;www.osnvelimirovic.edu.rs
Колубарска;"ОШ ""Николај Велимировић"" Шабац";https://i.ibb.co/wBWSzCx/nikolaj-velimirovic.jpg;015/360-110;Владе Јовановића 52, 15000 Шабац;osnikolaj@mts.rs;www.osnvelimirovic.edu.rs
Косте Абрашевића;"ОШ ""Николај Велимировић"" Шабац";https://i.ibb.co/wBWSzCx/nikolaj-velimirovic.jpg;015/360-110;Владе Јовановића 52, 15000 Шабац;osnikolaj@mts.rs;www.osnvelimirovic.edu.rs
Масарикова-од улице Господар Јевремова до улице Ослобођења ;"ОШ ""Николај Велимировић"" Шабац";https://i.ibb.co/wBWSzCx/nikolaj-velimirovic.jpg;015/360-110;Владе Јовановића 52, 15000 Шабац;osnikolaj@mts.rs;www.osnvelimirovic.edu.rs
Милоша Обилића-од улице Војводе Мишића до улице Ослобођења;"ОШ ""Николај Велимировић"" Шабац";https://i.ibb.co/wBWSzCx/nikolaj-velimirovic.jpg;015/360-110;Владе Јовановића 52, 15000 Шабац;osnikolaj@mts.rs;www.osnvelimirovic.edu.rs
Николе Чупића;"ОШ ""Николај Велимировић"" Шабац";https://i.ibb.co/wBWSzCx/nikolaj-velimirovic.jpg;015/360-110;Владе Јовановића 52, 15000 Шабац;osnikolaj@mts.rs;www.osnvelimirovic.edu.rs
Норвешка- до улице Проте Смиљанића;"ОШ ""Николај Велимировић"" Шабац";https://i.ibb.co/wBWSzCx/nikolaj-velimirovic.jpg;015/360-110;Владе Јовановића 52, 15000 Шабац;osnikolaj@mts.rs;www.osnvelimirovic.edu.rs
Ослобођења-од Масарикове  до улице Стојана Новаковића-десна страна;"ОШ ""Николај Велимировић"" Шабац";https://i.ibb.co/wBWSzCx/nikolaj-velimirovic.jpg;015/360-110;Владе Јовановића 52, 15000 Шабац;osnikolaj@mts.rs;www.osnvelimirovic.edu.rs
Попа Карана;"ОШ ""Николај Велимировић"" Шабац";https://i.ibb.co/wBWSzCx/nikolaj-velimirovic.jpg;015/360-110;Владе Јовановића 52, 15000 Шабац;osnikolaj@mts.rs;www.osnvelimirovic.edu.rs
Проте Смиљанића- од улице Војислава Илића до улице Церска (десна страна од центра града);"ОШ ""Николај Велимировић"" Шабац";https://i.ibb.co/wBWSzCx/nikolaj-velimirovic.jpg;015/360-110;Владе Јовановића 52, 15000 Шабац;osnikolaj@mts.rs;www.osnvelimirovic.edu.rs
Проте Смиљанића 2;"ОШ ""Николај Велимировић"" Шабац";https://i.ibb.co/wBWSzCx/nikolaj-velimirovic.jpg;015/360-110;Владе Јовановића 52, 15000 Шабац;osnikolaj@mts.rs;www.osnvelimirovic.edu.rs
Стане Милановић;"ОШ ""Николај Велимировић"" Шабац";https://i.ibb.co/wBWSzCx/nikolaj-velimirovic.jpg;015/360-110;Владе Јовановића 52, 15000 Шабац;osnikolaj@mts.rs;www.osnvelimirovic.edu.rs
Таковска;"ОШ ""Николај Велимировић"" Шабац";https://i.ibb.co/wBWSzCx/nikolaj-velimirovic.jpg;015/360-110;Владе Јовановића 52, 15000 Шабац;osnikolaj@mts.rs;www.osnvelimirovic.edu.rs
Тиршов Венац;"ОШ ""Николај Велимировић"" Шабац";https://i.ibb.co/wBWSzCx/nikolaj-velimirovic.jpg;015/360-110;Владе Јовановића 52, 15000 Шабац;osnikolaj@mts.rs;www.osnvelimirovic.edu.rs
Церска-од улице Јована Цвијића до улице Проте Смиљанића( лева страна од центра града);"ОШ ""Николај Велимировић"" Шабац";https://i.ibb.co/wBWSzCx/nikolaj-velimirovic.jpg;015/360-110;Владе Јовановића 52, 15000 Шабац;osnikolaj@mts.rs;www.osnvelimirovic.edu.rs
Улица града Аргостолија;"ОШ ""Николај Велимировић"" Шабац";https://i.ibb.co/wBWSzCx/nikolaj-velimirovic.jpg;015/360-110;Владе Јовановића 52, 15000 Шабац;osnikolaj@mts.rs;www.osnvelimirovic.edu.rs
Алексе Шантића-од Ђукановића сокака до улице Церска;"ОШ ""Лаза К. Лазаревић"" Шабац";https://i.ibb.co/vY4nLgt/Lazina-skola.jpg;015/352-047;Масарикова 136, 15000 Шабац;oslaza@mts.rs;www.oslaza.edu.rs
Академика Радовановића;"ОШ ""Лаза К. Лазаревић"" Шабац";https://i.ibb.co/vY4nLgt/Lazina-skola.jpg;015/352-047;Масарикова 136, 15000 Шабац;oslaza@mts.rs;www.oslaza.edu.rs
Архимандрита  Стевана Јовановића- до раскрснице са улицом Стојана Новаковића;"ОШ ""Лаза К. Лазаревић"" Шабац";https://i.ibb.co/vY4nLgt/Lazina-skola.jpg;015/352-047;Масарикова 136, 15000 Шабац;oslaza@mts.rs;www.oslaza.edu.rs
Бате Коена;"ОШ ""Лаза К. Лазаревић"" Шабац";https://i.ibb.co/vY4nLgt/Lazina-skola.jpg;015/352-047;Масарикова 136, 15000 Шабац;oslaza@mts.rs;www.oslaza.edu.rs
Богојављенска;"ОШ ""Лаза К. Лазаревић"" Шабац";https://i.ibb.co/vY4nLgt/Lazina-skola.jpg;015/352-047;Масарикова 136, 15000 Шабац;oslaza@mts.rs;www.oslaza.edu.rs
Бранка Радичевића;"ОШ ""Лаза К. Лазаревић"" Шабац";https://i.ibb.co/vY4nLgt/Lazina-skola.jpg;015/352-047;Масарикова 136, 15000 Шабац;oslaza@mts.rs;www.oslaza.edu.rs
Ваљевска;"ОШ ""Лаза К. Лазаревић"" Шабац";https://i.ibb.co/vY4nLgt/Lazina-skola.jpg;015/352-047;Масарикова 136, 15000 Шабац;oslaza@mts.rs;www.oslaza.edu.rs
Васе Пелагића;"ОШ ""Лаза К. Лазаревић"" Шабац";https://i.ibb.co/vY4nLgt/Lazina-skola.jpg;015/352-047;Масарикова 136, 15000 Шабац;oslaza@mts.rs;www.oslaza.edu.rs
Ветерничка;"ОШ ""Лаза К. Лазаревић"" Шабац";https://i.ibb.co/vY4nLgt/Lazina-skola.jpg;015/352-047;Масарикова 136, 15000 Шабац;oslaza@mts.rs;www.oslaza.edu.rs
Виктора Игоа;"ОШ ""Лаза К. Лазаревић"" Шабац";https://i.ibb.co/vY4nLgt/Lazina-skola.jpg;015/352-047;Масарикова 136, 15000 Шабац;oslaza@mts.rs;www.oslaza.edu.rs
Војводе Бојовића;"ОШ ""Лаза К. Лазаревић"" Шабац";https://i.ibb.co/vY4nLgt/Lazina-skola.jpg;015/352-047;Масарикова 136, 15000 Шабац;oslaza@mts.rs;www.oslaza.edu.rs
Грачаничка;"ОШ ""Лаза К. Лазаревић"" Шабац";https://i.ibb.co/vY4nLgt/Lazina-skola.jpg;015/352-047;Масарикова 136, 15000 Шабац;oslaza@mts.rs;www.oslaza.edu.rs
Гучевска;"ОШ ""Лаза К. Лазаревић"" Шабац";https://i.ibb.co/vY4nLgt/Lazina-skola.jpg;015/352-047;Масарикова 136, 15000 Шабац;oslaza@mts.rs;www.oslaza.edu.rs
Даворина Јенка;"ОШ ""Лаза К. Лазаревић"" Шабац";https://i.ibb.co/vY4nLgt/Lazina-skola.jpg;015/352-047;Масарикова 136, 15000 Шабац;oslaza@mts.rs;www.oslaza.edu.rs
Десанке Максимовић;"ОШ ""Лаза К. Лазаревић"" Шабац";https://i.ibb.co/vY4nLgt/Lazina-skola.jpg;015/352-047;Масарикова 136, 15000 Шабац;oslaza@mts.rs;www.oslaza.edu.rs
Деспота Стефана Лазаревића-до улице Проте Смиљанића;"ОШ ""Лаза К. Лазаревић"" Шабац";https://i.ibb.co/vY4nLgt/Lazina-skola.jpg;015/352-047;Масарикова 136, 15000 Шабац;oslaza@mts.rs;www.oslaza.edu.rs
Доситејева;"ОШ ""Лаза К. Лазаревић"" Шабац";https://i.ibb.co/vY4nLgt/Lazina-skola.jpg;015/352-047;Масарикова 136, 15000 Шабац;oslaza@mts.rs;www.oslaza.edu.rs
Др Арчибалда Рајса;"ОШ ""Лаза К. Лазаревић"" Шабац";https://i.ibb.co/vY4nLgt/Lazina-skola.jpg;015/352-047;Масарикова 136, 15000 Шабац;oslaza@mts.rs;www.oslaza.edu.rs
Дечанска;"ОШ ""Лаза К. Лазаревић"" Шабац";https://i.ibb.co/vY4nLgt/Lazina-skola.jpg;015/352-047;Масарикова 136, 15000 Шабац;oslaza@mts.rs;www.oslaza.edu.rs
Душана Вулешевића;"ОШ ""Лаза К. Лазаревић"" Шабац";https://i.ibb.co/vY4nLgt/Lazina-skola.jpg;015/352-047;Масарикова 136, 15000 Шабац;oslaza@mts.rs;www.oslaza.edu.rs
Ђенерала Пантелије Јуришића;"ОШ ""Лаза К. Лазаревић"" Шабац";https://i.ibb.co/vY4nLgt/Lazina-skola.jpg;015/352-047;Масарикова 136, 15000 Шабац;oslaza@mts.rs;www.oslaza.edu.rs
Ђукановића сокак-десна страна ;"ОШ ""Лаза К. Лазаревић"" Шабац";https://i.ibb.co/vY4nLgt/Lazina-skola.jpg;015/352-047;Масарикова 136, 15000 Шабац;oslaza@mts.rs;www.oslaza.edu.rs
Завлачка;"ОШ ""Лаза К. Лазаревић"" Шабац";https://i.ibb.co/vY4nLgt/Lazina-skola.jpg;015/352-047;Масарикова 136, 15000 Шабац;oslaza@mts.rs;www.oslaza.edu.rs
Јадранска;"ОШ ""Лаза К. Лазаревић"" Шабац";https://i.ibb.co/vY4nLgt/Lazina-skola.jpg;015/352-047;Масарикова 136, 15000 Шабац;oslaza@mts.rs;www.oslaza.edu.rs
Јована Цвијића-од Ђукановића сокака до улице Церска-десна страна ;"ОШ ""Лаза К. Лазаревић"" Шабац";https://i.ibb.co/vY4nLgt/Lazina-skola.jpg;015/352-047;Масарикова 136, 15000 Шабац;oslaza@mts.rs;www.oslaza.edu.rs
Јосифа Панчића;"ОШ ""Лаза К. Лазаревић"" Шабац";https://i.ibb.co/vY4nLgt/Lazina-skola.jpg;015/352-047;Масарикова 136, 15000 Шабац;oslaza@mts.rs;www.oslaza.edu.rs
Каленићка;"ОШ ""Лаза К. Лазаревић"" Шабац";https://i.ibb.co/vY4nLgt/Lazina-skola.jpg;015/352-047;Масарикова 136, 15000 Шабац;oslaza@mts.rs;www.oslaza.edu.rs
Касарска;"ОШ ""Лаза К. Лазаревић"" Шабац";https://i.ibb.co/vY4nLgt/Lazina-skola.jpg;015/352-047;Масарикова 136, 15000 Шабац;oslaza@mts.rs;www.oslaza.edu.rs
Коке Ђорђевића;"ОШ ""Лаза К. Лазаревић"" Шабац";https://i.ibb.co/vY4nLgt/Lazina-skola.jpg;015/352-047;Масарикова 136, 15000 Шабац;oslaza@mts.rs;www.oslaza.edu.rs
Космајска;"ОШ ""Лаза К. Лазаревић"" Шабац";https://i.ibb.co/vY4nLgt/Lazina-skola.jpg;015/352-047;Масарикова 136, 15000 Шабац;oslaza@mts.rs;www.oslaza.edu.rs
Костадиновића пут;"ОШ ""Лаза К. Лазаревић"" Шабац";https://i.ibb.co/vY4nLgt/Lazina-skola.jpg;015/352-047;Масарикова 136, 15000 Шабац;oslaza@mts.rs;www.oslaza.edu.rs
Крупањска;"ОШ ""Лаза К. Лазаревић"" Шабац";https://i.ibb.co/vY4nLgt/Lazina-skola.jpg;015/352-047;Масарикова 136, 15000 Шабац;oslaza@mts.rs;www.oslaza.edu.rs
Кумановска;"ОШ ""Лаза К. Лазаревић"" Шабац";https://i.ibb.co/vY4nLgt/Lazina-skola.jpg;015/352-047;Масарикова 136, 15000 Шабац;oslaza@mts.rs;www.oslaza.edu.rs
Лешничка;"ОШ ""Лаза К. Лазаревић"" Шабац";https://i.ibb.co/vY4nLgt/Lazina-skola.jpg;015/352-047;Масарикова 136, 15000 Шабац;oslaza@mts.rs;www.oslaza.edu.rs
Лозничка;"ОШ ""Лаза К. Лазаревић"" Шабац";https://i.ibb.co/vY4nLgt/Lazina-skola.jpg;015/352-047;Масарикова 136, 15000 Шабац;oslaza@mts.rs;www.oslaza.edu.rs
Љубостињска;"ОШ ""Лаза К. Лазаревић"" Шабац";https://i.ibb.co/vY4nLgt/Lazina-skola.jpg;015/352-047;Масарикова 136, 15000 Шабац;oslaza@mts.rs;www.oslaza.edu.rs
Мајевачка;"ОШ ""Лаза К. Лазаревић"" Шабац";https://i.ibb.co/vY4nLgt/Lazina-skola.jpg;015/352-047;Масарикова 136, 15000 Шабац;oslaza@mts.rs;www.oslaza.edu.rs
Масарикова-од  улице Ослобођења до краја улице;"ОШ ""Лаза К. Лазаревић"" Шабац";https://i.ibb.co/vY4nLgt/Lazina-skola.jpg;015/352-047;Масарикова 136, 15000 Шабац;oslaza@mts.rs;www.oslaza.edu.rs
Милешевска;"ОШ ""Лаза К. Лазаревић"" Шабац";https://i.ibb.co/vY4nLgt/Lazina-skola.jpg;015/352-047;Масарикова 136, 15000 Шабац;oslaza@mts.rs;www.oslaza.edu.rs
Милорада Панића Сурепа;"ОШ ""Лаза К. Лазаревић"" Шабац";https://i.ibb.co/vY4nLgt/Lazina-skola.jpg;015/352-047;Масарикова 136, 15000 Шабац;oslaza@mts.rs;www.oslaza.edu.rs
Милоша Обилића-од улице Ослобођења;"ОШ ""Лаза К. Лазаревић"" Шабац";https://i.ibb.co/vY4nLgt/Lazina-skola.jpg;015/352-047;Масарикова 136, 15000 Шабац;oslaza@mts.rs;www.oslaza.edu.rs
Мите Поповића;"ОШ ""Лаза К. Лазаревић"" Шабац";https://i.ibb.co/vY4nLgt/Lazina-skola.jpg;015/352-047;Масарикова 136, 15000 Шабац;oslaza@mts.rs;www.oslaza.edu.rs
Митрополита Михаила Јовановића;"ОШ ""Лаза К. Лазаревић"" Шабац";https://i.ibb.co/vY4nLgt/Lazina-skola.jpg;015/352-047;Масарикова 136, 15000 Шабац;oslaza@mts.rs;www.oslaza.edu.rs
Мокрањчева;"ОШ ""Лаза К. Лазаревић"" Шабац";https://i.ibb.co/vY4nLgt/Lazina-skola.jpg;015/352-047;Масарикова 136, 15000 Шабац;oslaza@mts.rs;www.oslaza.edu.rs
Николе Пашића;"ОШ ""Лаза К. Лазаревић"" Шабац";https://i.ibb.co/vY4nLgt/Lazina-skola.jpg;015/352-047;Масарикова 136, 15000 Шабац;oslaza@mts.rs;www.oslaza.edu.rs
Ослобођења-лева страна од улице  Масарикова до улице Стојана Новаковић;"ОШ ""Лаза К. Лазаревић"" Шабац";https://i.ibb.co/vY4nLgt/Lazina-skola.jpg;015/352-047;Масарикова 136, 15000 Шабац;oslaza@mts.rs;www.oslaza.edu.rs
Поцерска;"ОШ ""Лаза К. Лазаревић"" Шабац";https://i.ibb.co/vY4nLgt/Lazina-skola.jpg;015/352-047;Масарикова 136, 15000 Шабац;oslaza@mts.rs;www.oslaza.edu.rs
Прослопска;"ОШ ""Лаза К. Лазаревић"" Шабац";https://i.ibb.co/vY4nLgt/Lazina-skola.jpg;015/352-047;Масарикова 136, 15000 Шабац;oslaza@mts.rs;www.oslaza.edu.rs
Проте Глигорија Бабовића;"ОШ ""Лаза К. Лазаревић"" Шабац";https://i.ibb.co/vY4nLgt/Lazina-skola.jpg;015/352-047;Масарикова 136, 15000 Шабац;oslaza@mts.rs;www.oslaza.edu.rs
Проте Смиљанића- од улице  Церска  до краја улице-десна страна од центра града;"ОШ ""Лаза К. Лазаревић"" Шабац";https://i.ibb.co/vY4nLgt/Lazina-skola.jpg;015/352-047;Масарикова 136, 15000 Шабац;oslaza@mts.rs;www.oslaza.edu.rs
Радоја Домановића;"ОШ ""Лаза К. Лазаревић"" Шабац";https://i.ibb.co/vY4nLgt/Lazina-skola.jpg;015/352-047;Масарикова 136, 15000 Шабац;oslaza@mts.rs;www.oslaza.edu.rs
Ранка Алимпића;"ОШ ""Лаза К. Лазаревић"" Шабац";https://i.ibb.co/vY4nLgt/Lazina-skola.jpg;015/352-047;Масарикова 136, 15000 Шабац;oslaza@mts.rs;www.oslaza.edu.rs
Рудничка;"ОШ ""Лаза К. Лазаревић"" Шабац";https://i.ibb.co/vY4nLgt/Lazina-skola.jpg;015/352-047;Масарикова 136, 15000 Шабац;oslaza@mts.rs;www.oslaza.edu.rs
Светогорска -до улице Проте Смиљанића;"ОШ ""Лаза К. Лазаревић"" Шабац";https://i.ibb.co/vY4nLgt/Lazina-skola.jpg;015/352-047;Масарикова 136, 15000 Шабац;oslaza@mts.rs;www.oslaza.edu.rs
Секуле Гавриловића;"ОШ ""Лаза К. Лазаревић"" Шабац";https://i.ibb.co/vY4nLgt/Lazina-skola.jpg;015/352-047;Масарикова 136, 15000 Шабац;oslaza@mts.rs;www.oslaza.edu.rs
Симе Милојевића;"ОШ ""Лаза К. Лазаревић"" Шабац";https://i.ibb.co/vY4nLgt/Lazina-skola.jpg;015/352-047;Масарикова 136, 15000 Шабац;oslaza@mts.rs;www.oslaza.edu.rs
Солунска;"ОШ ""Лаза К. Лазаревић"" Шабац";https://i.ibb.co/vY4nLgt/Lazina-skola.jpg;015/352-047;Масарикова 136, 15000 Шабац;oslaza@mts.rs;www.oslaza.edu.rs
Стевана Дечанског;"ОШ ""Лаза К. Лазаревић"" Шабац";https://i.ibb.co/vY4nLgt/Lazina-skola.jpg;015/352-047;Масарикова 136, 15000 Шабац;oslaza@mts.rs;www.oslaza.edu.rs
Текеришка;"ОШ ""Лаза К. Лазаревић"" Шабац";https://i.ibb.co/vY4nLgt/Lazina-skola.jpg;015/352-047;Масарикова 136, 15000 Шабац;oslaza@mts.rs;www.oslaza.edu.rs
Тршићска;"ОШ ""Лаза К. Лазаревић"" Шабац";https://i.ibb.co/vY4nLgt/Lazina-skola.jpg;015/352-047;Масарикова 136, 15000 Шабац;oslaza@mts.rs;www.oslaza.edu.rs
Церска-од улице Јована Цвијића обе стране,а од улице Јована Цвијића до улице Проте Смиљанића-десна страна од центра града;"ОШ ""Лаза К. Лазаревић"" Шабац";https://i.ibb.co/vY4nLgt/Lazina-skola.jpg;015/352-047;Масарикова 136, 15000 Шабац;oslaza@mts.rs;www.oslaza.edu.rs
Чокешинска;"ОШ ""Лаза К. Лазаревић"" Шабац";https://i.ibb.co/vY4nLgt/Lazina-skola.jpg;015/352-047;Масарикова 136, 15000 Шабац;oslaza@mts.rs;www.oslaza.edu.rs
Шестог пука-лева страна од центра града(непарни бројеви);"ОШ ""Лаза К. Лазаревић"" Шабац";https://i.ibb.co/vY4nLgt/Lazina-skola.jpg;015/352-047;Масарикова 136, 15000 Шабац;oslaza@mts.rs;www.oslaza.edu.rs
Шабачка ;"ОШ ""Лаза К. Лазаревић"" Шабац";https://i.ibb.co/vY4nLgt/Lazina-skola.jpg;015/352-047;Масарикова 136, 15000 Шабац;oslaza@mts.rs;www.oslaza.edu.rs
Шумадијске дивизије;"ОШ ""Лаза К. Лазаревић"" Шабац";https://i.ibb.co/vY4nLgt/Lazina-skola.jpg;015/352-047;Масарикова 136, 15000 Шабац;oslaza@mts.rs;www.oslaza.edu.rs
Борачка;"ОШ ""Јанко Веселиновић"" Шабац";https://i.ibb.co/hYNkjR8/jankova-skola.jpg;015/343-411, 015/341-025;Карађорђева 48 Шабац;osjankovsa@yahoo.com;www.osjvsabac.edu.rs
Владе Јовановића- од улице Карађорђева  до улице Војводе Мишића;"ОШ ""Јанко Веселиновић"" Шабац";https://i.ibb.co/hYNkjR8/jankova-skola.jpg;015/343-411, 015/341-025;Карађорђева 48 Шабац;osjankovsa@yahoo.com;www.osjvsabac.edu.rs
Владе Станимировића;"ОШ ""Јанко Веселиновић"" Шабац";https://i.ibb.co/hYNkjR8/jankova-skola.jpg;015/343-411, 015/341-025;Карађорђева 48 Шабац;osjankovsa@yahoo.com;www.osjvsabac.edu.rs
Војводе Мишића-од улице Масарикова до улице Проте Смиљанића -лева страна од центра града;"ОШ ""Јанко Веселиновић"" Шабац";https://i.ibb.co/hYNkjR8/jankova-skola.jpg;015/343-411, 015/341-025;Карађорђева 48 Шабац;osjankovsa@yahoo.com;www.osjvsabac.edu.rs
Војводе Степе;"ОШ ""Јанко Веселиновић"" Шабац";https://i.ibb.co/hYNkjR8/jankova-skola.jpg;015/343-411, 015/341-025;Карађорђева 48 Шабац;osjankovsa@yahoo.com;www.osjvsabac.edu.rs
Др Андре Јовановића;"ОШ ""Јанко Веселиновић"" Шабац";https://i.ibb.co/hYNkjR8/jankova-skola.jpg;015/343-411, 015/341-025;Карађорђева 48 Шабац;osjankovsa@yahoo.com;www.osjvsabac.edu.rs
Жике Поповића-од улице Поп Лукина до улице Војводе Мишића-обе стране;"ОШ ""Јанко Веселиновић"" Шабац";https://i.ibb.co/hYNkjR8/jankova-skola.jpg;015/343-411, 015/341-025;Карађорђева 48 Шабац;osjankovsa@yahoo.com;www.osjvsabac.edu.rs
Занатлијска;"ОШ ""Јанко Веселиновић"" Шабац";https://i.ibb.co/hYNkjR8/jankova-skola.jpg;015/343-411, 015/341-025;Карађорђева 48 Шабац;osjankovsa@yahoo.com;www.osjvsabac.edu.rs
Илије Бирчанина;"ОШ ""Јанко Веселиновић"" Шабац";https://i.ibb.co/hYNkjR8/jankova-skola.jpg;015/343-411, 015/341-025;Карађорђева 48 Шабац;osjankovsa@yahoo.com;www.osjvsabac.edu.rs
Јанка Веселиновића  од улице Јеврејска до улице Кнеза Милоша;"ОШ ""Јанко Веселиновић"" Шабац";https://i.ibb.co/hYNkjR8/jankova-skola.jpg;015/343-411, 015/341-025;Карађорђева 48 Шабац;osjankovsa@yahoo.com;www.osjvsabac.edu.rs
Јеврејска;"ОШ ""Јанко Веселиновић"" Шабац";https://i.ibb.co/hYNkjR8/jankova-skola.jpg;015/343-411, 015/341-025;Карађорђева 48 Шабац;osjankovsa@yahoo.com;www.osjvsabac.edu.rs
Јоце Куртовића;"ОШ ""Јанко Веселиновић"" Шабац";https://i.ibb.co/hYNkjR8/jankova-skola.jpg;015/343-411, 015/341-025;Карађорђева 48 Шабац;osjankovsa@yahoo.com;www.osjvsabac.edu.rs
Кајмакчаланска;"ОШ ""Јанко Веселиновић"" Шабац";https://i.ibb.co/hYNkjR8/jankova-skola.jpg;015/343-411, 015/341-025;Карађорђева 48 Шабац;osjankovsa@yahoo.com;www.osjvsabac.edu.rs
Карађорђева;"ОШ ""Јанко Веселиновић"" Шабац";https://i.ibb.co/hYNkjR8/jankova-skola.jpg;015/343-411, 015/341-025;Карађорђева 48 Шабац;osjankovsa@yahoo.com;www.osjvsabac.edu.rs
Кнеза Лазара;"ОШ ""Јанко Веселиновић"" Шабац";https://i.ibb.co/hYNkjR8/jankova-skola.jpg;015/343-411, 015/341-025;Карађорђева 48 Шабац;osjankovsa@yahoo.com;www.osjvsabac.edu.rs
Кнеза Милоша;"ОШ ""Јанко Веселиновић"" Шабац";https://i.ibb.co/hYNkjR8/jankova-skola.jpg;015/343-411, 015/341-025;Карађорђева 48 Шабац;osjankovsa@yahoo.com;www.osjvsabac.edu.rs
Краља Драгутина;"ОШ ""Јанко Веселиновић"" Шабац";https://i.ibb.co/hYNkjR8/jankova-skola.jpg;015/343-411, 015/341-025;Карађорђева 48 Шабац;osjankovsa@yahoo.com;www.osjvsabac.edu.rs
Краља Милутина-од улице Поп Лукина до улице Војводе Мишића;"ОШ ""Јанко Веселиновић"" Шабац";https://i.ibb.co/hYNkjR8/jankova-skola.jpg;015/343-411, 015/341-025;Карађорђева 48 Шабац;osjankovsa@yahoo.com;www.osjvsabac.edu.rs
Љубисава Андрића;"ОШ ""Јанко Веселиновић"" Шабац";https://i.ibb.co/hYNkjR8/jankova-skola.jpg;015/343-411, 015/341-025;Карађорђева 48 Шабац;osjankovsa@yahoo.com;www.osjvsabac.edu.rs
Краља Петра Првог;"ОШ ""Јанко Веселиновић"" Шабац";https://i.ibb.co/hYNkjR8/jankova-skola.jpg;015/343-411, 015/341-025;Карађорђева 48 Шабац;osjankovsa@yahoo.com;www.osjvsabac.edu.rs
Краљице Марије;"ОШ ""Јанко Веселиновић"" Шабац";https://i.ibb.co/hYNkjR8/jankova-skola.jpg;015/343-411, 015/341-025;Карађорђева 48 Шабац;osjankovsa@yahoo.com;www.osjvsabac.edu.rs
Мајора Гавриловића;"ОШ ""Јанко Веселиновић"" Шабац";https://i.ibb.co/hYNkjR8/jankova-skola.jpg;015/343-411, 015/341-025;Карађорђева 48 Шабац;osjankovsa@yahoo.com;www.osjvsabac.edu.rs
Милоша Поцерца;"ОШ ""Јанко Веселиновић"" Шабац";https://i.ibb.co/hYNkjR8/jankova-skola.jpg;015/343-411, 015/341-025;Карађорђева 48 Шабац;osjankovsa@yahoo.com;www.osjvsabac.edu.rs
Нушићева;"ОШ ""Јанко Веселиновић"" Шабац";https://i.ibb.co/hYNkjR8/jankova-skola.jpg;015/343-411, 015/341-025;Карађорђева 48 Шабац;osjankovsa@yahoo.com;www.osjvsabac.edu.rs
Омладинска;"ОШ ""Јанко Веселиновић"" Шабац";https://i.ibb.co/hYNkjR8/jankova-skola.jpg;015/343-411, 015/341-025;Карађорђева 48 Шабац;osjankovsa@yahoo.com;www.osjvsabac.edu.rs
Патријарха Павла;"ОШ ""Јанко Веселиновић"" Шабац";https://i.ibb.co/hYNkjR8/jankova-skola.jpg;015/343-411, 015/341-025;Карађорђева 48 Шабац;osjankovsa@yahoo.com;www.osjvsabac.edu.rs
Поп Лукина;"ОШ ""Јанко Веселиновић"" Шабац";https://i.ibb.co/hYNkjR8/jankova-skola.jpg;015/343-411, 015/341-025;Карађорђева 48 Шабац;osjankovsa@yahoo.com;www.osjvsabac.edu.rs
Проте Смиљанића-од улице Војводе Мишића до улице Милоша Поцерца;"ОШ ""Јанко Веселиновић"" Шабац";https://i.ibb.co/hYNkjR8/jankova-skola.jpg;015/343-411, 015/341-025;Карађорђева 48 Шабац;osjankovsa@yahoo.com;www.osjvsabac.edu.rs
Радничка;"ОШ ""Јанко Веселиновић"" Шабац";https://i.ibb.co/hYNkjR8/jankova-skola.jpg;015/343-411, 015/341-025;Карађорђева 48 Шабац;osjankovsa@yahoo.com;www.osjvsabac.edu.rs
Синђелићева;"ОШ ""Јанко Веселиновић"" Шабац";https://i.ibb.co/hYNkjR8/jankova-skola.jpg;015/343-411, 015/341-025;Карађорђева 48 Шабац;osjankovsa@yahoo.com;www.osjvsabac.edu.rs
Цара Душана;"ОШ ""Јанко Веселиновић"" Шабац";https://i.ibb.co/hYNkjR8/jankova-skola.jpg;015/343-411, 015/341-025;Карађорђева 48 Шабац;osjankovsa@yahoo.com;www.osjvsabac.edu.rs
Цветни трг;"ОШ ""Јанко Веселиновић"" Шабац";https://i.ibb.co/hYNkjR8/jankova-skola.jpg;015/343-411, 015/341-025;Карађорђева 48 Шабац;osjankovsa@yahoo.com;www.osjvsabac.edu.rs
Бенџамина Френклина;"ОШ ""Јеврем Обреновић"" Шабац";https://i.ibb.co/dKd7FtN/jevrem-obrenovic.jpg;015/343-154;Жике Поповића 20, 15000 Шабац;osobrenovicjevrem@gmail.com;www.osjevremobrenovic.edu.rs/
Бранимира Ћосића;"ОШ ""Јеврем Обреновић"" Шабац";https://i.ibb.co/dKd7FtN/jevrem-obrenovic.jpg;015/343-154;Жике Поповића 20, 15000 Шабац;osobrenovicjevrem@gmail.com;www.osjevremobrenovic.edu.rs/
Браће Цинцара;"ОШ ""Јеврем Обреновић"" Шабац";https://i.ibb.co/dKd7FtN/jevrem-obrenovic.jpg;015/343-154;Жике Поповића 20, 15000 Шабац;osobrenovicjevrem@gmail.com;www.osjevremobrenovic.edu.rs/
Виљема Шекспира;"ОШ ""Јеврем Обреновић"" Шабац";https://i.ibb.co/dKd7FtN/jevrem-obrenovic.jpg;015/343-154;Жике Поповића 20, 15000 Шабац;osobrenovicjevrem@gmail.com;www.osjevremobrenovic.edu.rs/
Вићентија Ракића;"ОШ ""Јеврем Обреновић"" Шабац";https://i.ibb.co/dKd7FtN/jevrem-obrenovic.jpg;015/343-154;Жике Поповића 20, 15000 Шабац;osobrenovicjevrem@gmail.com;www.osjevremobrenovic.edu.rs/
Владике Милентија Марковића;"ОШ ""Јеврем Обреновић"" Шабац";https://i.ibb.co/dKd7FtN/jevrem-obrenovic.jpg;015/343-154;Жике Поповића 20, 15000 Шабац;osobrenovicjevrem@gmail.com;www.osjevremobrenovic.edu.rs/
Војводе Мишића-од улице Проте Смиљанића до улице Краља Милутина и од улице Проте Смиљанића до улице Попа Карана лева страна;"ОШ ""Јеврем Обреновић"" Шабац";https://i.ibb.co/dKd7FtN/jevrem-obrenovic.jpg;015/343-154;Жике Поповића 20, 15000 Шабац;osobrenovicjevrem@gmail.com;www.osjevremobrenovic.edu.rs/
Војислава Илића- од улице Проте Смиљанића до улице Краља Милутина-обе стране;"ОШ ""Јеврем Обреновић"" Шабац";https://i.ibb.co/dKd7FtN/jevrem-obrenovic.jpg;015/343-154;Жике Поповића 20, 15000 Шабац;osobrenovicjevrem@gmail.com;www.osjevremobrenovic.edu.rs/
Делиградска ;"ОШ ""Јеврем Обреновић"" Шабац";https://i.ibb.co/dKd7FtN/jevrem-obrenovic.jpg;015/343-154;Жике Поповића 20, 15000 Шабац;osobrenovicjevrem@gmail.com;www.osjevremobrenovic.edu.rs/
Деспота Стефана Лазаревића-од улице Проте Смиљанића;"ОШ ""Јеврем Обреновић"" Шабац";https://i.ibb.co/dKd7FtN/jevrem-obrenovic.jpg;015/343-154;Жике Поповића 20, 15000 Шабац;osobrenovicjevrem@gmail.com;www.osjevremobrenovic.edu.rs/
Доктора Дуњића;"ОШ ""Јеврем Обреновић"" Шабац";https://i.ibb.co/dKd7FtN/jevrem-obrenovic.jpg;015/343-154;Жике Поповића 20, 15000 Шабац;osobrenovicjevrem@gmail.com;www.osjevremobrenovic.edu.rs/
Др Аврама Винавера;"ОШ ""Јеврем Обреновић"" Шабац";https://i.ibb.co/dKd7FtN/jevrem-obrenovic.jpg;015/343-154;Жике Поповића 20, 15000 Шабац;osobrenovicjevrem@gmail.com;www.osjevremobrenovic.edu.rs/
Дринске дивизије;"ОШ ""Јеврем Обреновић"" Шабац";https://i.ibb.co/dKd7FtN/jevrem-obrenovic.jpg;015/343-154;Жике Поповића 20, 15000 Шабац;osobrenovicjevrem@gmail.com;www.osjevremobrenovic.edu.rs/
Дунавска;"ОШ ""Јеврем Обреновић"" Шабац";https://i.ibb.co/dKd7FtN/jevrem-obrenovic.jpg;015/343-154;Жике Поповића 20, 15000 Шабац;osobrenovicjevrem@gmail.com;www.osjevremobrenovic.edu.rs/
Ђорђа Нешића;"ОШ ""Јеврем Обреновић"" Шабац";https://i.ibb.co/dKd7FtN/jevrem-obrenovic.jpg;015/343-154;Жике Поповића 20, 15000 Шабац;osobrenovicjevrem@gmail.com;www.osjevremobrenovic.edu.rs/
Ђуре Јакшића;"ОШ ""Јеврем Обреновић"" Шабац";https://i.ibb.co/dKd7FtN/jevrem-obrenovic.jpg;015/343-154;Жике Поповића 20, 15000 Шабац;osobrenovicjevrem@gmail.com;www.osjevremobrenovic.edu.rs/
Жике Поповића-од улице  Војводе Мишића до улице Деспота Стефана Лазаревића-обе стране;"ОШ ""Јеврем Обреновић"" Шабац";https://i.ibb.co/dKd7FtN/jevrem-obrenovic.jpg;015/343-154;Жике Поповића 20, 15000 Шабац;osobrenovicjevrem@gmail.com;www.osjevremobrenovic.edu.rs/
Змај Јовина;"ОШ ""Јеврем Обреновић"" Шабац";https://i.ibb.co/dKd7FtN/jevrem-obrenovic.jpg;015/343-154;Жике Поповића 20, 15000 Шабац;osobrenovicjevrem@gmail.com;www.osjevremobrenovic.edu.rs/
Ивањданска;"ОШ ""Јеврем Обреновић"" Шабац";https://i.ibb.co/dKd7FtN/jevrem-obrenovic.jpg;015/343-154;Жике Поповића 20, 15000 Шабац;osobrenovicjevrem@gmail.com;www.osjevremobrenovic.edu.rs/
Јаворска;"ОШ ""Јеврем Обреновић"" Шабац";https://i.ibb.co/dKd7FtN/jevrem-obrenovic.jpg;015/343-154;Жике Поповића 20, 15000 Шабац;osobrenovicjevrem@gmail.com;www.osjevremobrenovic.edu.rs/
Југ Богдана;"ОШ ""Јеврем Обреновић"" Шабац";https://i.ibb.co/dKd7FtN/jevrem-obrenovic.jpg;015/343-154;Жике Поповића 20, 15000 Шабац;osobrenovicjevrem@gmail.com;www.osjevremobrenovic.edu.rs/
Косовска;"ОШ ""Јеврем Обреновић"" Шабац";https://i.ibb.co/dKd7FtN/jevrem-obrenovic.jpg;015/343-154;Жике Поповића 20, 15000 Шабац;osobrenovicjevrem@gmail.com;www.osjevremobrenovic.edu.rs/
Краља Владислава;"ОШ ""Јеврем Обреновић"" Шабац";https://i.ibb.co/dKd7FtN/jevrem-obrenovic.jpg;015/343-154;Жике Поповића 20, 15000 Шабац;osobrenovicjevrem@gmail.com;www.osjevremobrenovic.edu.rs/
Краља Милутина-од улице  Војводе Мишића до Обилазног пута-десна страна од центра града;"ОШ ""Јеврем Обреновић"" Шабац";https://i.ibb.co/dKd7FtN/jevrem-obrenovic.jpg;015/343-154;Жике Поповића 20, 15000 Шабац;osobrenovicjevrem@gmail.com;www.osjevremobrenovic.edu.rs/
Леонарда Да Винчија- од улице Проте Смиљанића до улице Краља Милутина;"ОШ ""Јеврем Обреновић"" Шабац";https://i.ibb.co/dKd7FtN/jevrem-obrenovic.jpg;015/343-154;Жике Поповића 20, 15000 Шабац;osobrenovicjevrem@gmail.com;www.osjevremobrenovic.edu.rs/
Милутина Бојића;"ОШ ""Јеврем Обреновић"" Шабац";https://i.ibb.co/dKd7FtN/jevrem-obrenovic.jpg;015/343-154;Жике Поповића 20, 15000 Шабац;osobrenovicjevrem@gmail.com;www.osjevremobrenovic.edu.rs/
Младена Ђуричића;"ОШ ""Јеврем Обреновић"" Шабац";https://i.ibb.co/dKd7FtN/jevrem-obrenovic.jpg;015/343-154;Жике Поповића 20, 15000 Шабац;osobrenovicjevrem@gmail.com;www.osjevremobrenovic.edu.rs/
Моцартова;"ОШ ""Јеврем Обреновић"" Шабац";https://i.ibb.co/dKd7FtN/jevrem-obrenovic.jpg;015/343-154;Жике Поповића 20, 15000 Шабац;osobrenovicjevrem@gmail.com;www.osjevremobrenovic.edu.rs/
Невесињска;"ОШ ""Јеврем Обреновић"" Шабац";https://i.ibb.co/dKd7FtN/jevrem-obrenovic.jpg;015/343-154;Жике Поповића 20, 15000 Шабац;osobrenovicjevrem@gmail.com;www.osjevremobrenovic.edu.rs/
Норвешка- од улице Проте Смиљанића;"ОШ ""Јеврем Обреновић"" Шабац";https://i.ibb.co/dKd7FtN/jevrem-obrenovic.jpg;015/343-154;Жике Поповића 20, 15000 Шабац;osobrenovicjevrem@gmail.com;www.osjevremobrenovic.edu.rs/
Његошева;"ОШ ""Јеврем Обреновић"" Шабац";https://i.ibb.co/dKd7FtN/jevrem-obrenovic.jpg;015/343-154;Жике Поповића 20, 15000 Шабац;osobrenovicjevrem@gmail.com;www.osjevremobrenovic.edu.rs/
Орашачка;"ОШ ""Јеврем Обреновић"" Шабац";https://i.ibb.co/dKd7FtN/jevrem-obrenovic.jpg;015/343-154;Жике Поповића 20, 15000 Шабац;osobrenovicjevrem@gmail.com;www.osjevremobrenovic.edu.rs/
Посавска;"ОШ ""Јеврем Обреновић"" Шабац";https://i.ibb.co/dKd7FtN/jevrem-obrenovic.jpg;015/343-154;Жике Поповића 20, 15000 Шабац;osobrenovicjevrem@gmail.com;www.osjevremobrenovic.edu.rs/
Првомајска;"ОШ ""Јеврем Обреновић"" Шабац";https://i.ibb.co/dKd7FtN/jevrem-obrenovic.jpg;015/343-154;Жике Поповића 20, 15000 Шабац;osobrenovicjevrem@gmail.com;www.osjevremobrenovic.edu.rs/
Призренска;"ОШ ""Јеврем Обреновић"" Шабац";https://i.ibb.co/dKd7FtN/jevrem-obrenovic.jpg;015/343-154;Жике Поповића 20, 15000 Шабац;osobrenovicjevrem@gmail.com;www.osjevremobrenovic.edu.rs/
Проте Матеје;"ОШ ""Јеврем Обреновић"" Шабац";https://i.ibb.co/dKd7FtN/jevrem-obrenovic.jpg;015/343-154;Жике Поповића 20, 15000 Шабац;osobrenovicjevrem@gmail.com;www.osjevremobrenovic.edu.rs/
Проте Смиљанића-од улице Војводе Мишића до улице Војислава Илића- обе стране, од улице Војислава Илића до улице Академика Радовановића- лева страна;"ОШ ""Јеврем Обреновић"" Шабац";https://i.ibb.co/dKd7FtN/jevrem-obrenovic.jpg;015/343-154;Жике Поповића 20, 15000 Шабац;osobrenovicjevrem@gmail.com;www.osjevremobrenovic.edu.rs/
Ранка Лазаревића;"ОШ ""Јеврем Обреновић"" Шабац";https://i.ibb.co/dKd7FtN/jevrem-obrenovic.jpg;015/343-154;Жике Поповића 20, 15000 Шабац;osobrenovicjevrem@gmail.com;www.osjevremobrenovic.edu.rs/
Светогорска -од улице Проте Смиљанића  до улице Краља Милутина;"ОШ ""Јеврем Обреновић"" Шабац";https://i.ibb.co/dKd7FtN/jevrem-obrenovic.jpg;015/343-154;Жике Поповића 20, 15000 Шабац;osobrenovicjevrem@gmail.com;www.osjevremobrenovic.edu.rs/
Стевана Сремца;"ОШ ""Јеврем Обреновић"" Шабац";https://i.ibb.co/dKd7FtN/jevrem-obrenovic.jpg;015/343-154;Жике Поповића 20, 15000 Шабац;osobrenovicjevrem@gmail.com;www.osjevremobrenovic.edu.rs/
Ћирила и Методија- од улице Проте Смиљанића до улице Краља Милутина;"ОШ ""Јеврем Обреновић"" Шабац";https://i.ibb.co/dKd7FtN/jevrem-obrenovic.jpg;015/343-154;Жике Поповића 20, 15000 Шабац;osobrenovicjevrem@gmail.com;www.osjevremobrenovic.edu.rs/
Француска;"ОШ ""Јеврем Обреновић"" Шабац";https://i.ibb.co/dKd7FtN/jevrem-obrenovic.jpg;015/343-154;Жике Поповића 20, 15000 Шабац;osobrenovicjevrem@gmail.com;www.osjevremobrenovic.edu.rs/
Херцеговачка;"ОШ ""Јеврем Обреновић"" Шабац";https://i.ibb.co/dKd7FtN/jevrem-obrenovic.jpg;015/343-154;Жике Поповића 20, 15000 Шабац;osobrenovicjevrem@gmail.com;www.osjevremobrenovic.edu.rs/
Хиландарска;"ОШ ""Јеврем Обреновић"" Шабац";https://i.ibb.co/dKd7FtN/jevrem-obrenovic.jpg;015/343-154;Жике Поповића 20, 15000 Шабац;osobrenovicjevrem@gmail.com;www.osjevremobrenovic.edu.rs/
Адама Лазаревића;"ОШ ""Стојан Новаковић"" Шабац";https://i.ibb.co/n13JCHS/stojanova-skola.jpg;"015/ 334-910;  015/334-911";Војводе Јанка Стојићевића бр. 38, 15000 Шабац;osstojan@gmail.com;www.stojanovaskolasabac.edu.rs
Алимпија Васиљевића;"ОШ ""Стојан Новаковић"" Шабац";https://i.ibb.co/n13JCHS/stojanova-skola.jpg;"015/ 334-910;  015/334-911";Војводе Јанка Стојићевића бр. 38, 15000 Шабац;osstojan@gmail.com;www.stojanovaskolasabac.edu.rs
Боривоја Милојевића;"ОШ ""Стојан Новаковић"" Шабац";https://i.ibb.co/n13JCHS/stojanova-skola.jpg;"015/ 334-910;  015/334-911";Војводе Јанка Стојићевића бр. 38, 15000 Шабац;osstojan@gmail.com;www.stojanovaskolasabac.edu.rs
Војводе Јанка Стојићевића;"ОШ ""Стојан Новаковић"" Шабац";https://i.ibb.co/n13JCHS/stojanova-skola.jpg;"015/ 334-910;  015/334-911";Војводе Јанка Стојићевића бр. 38, 15000 Шабац;osstojan@gmail.com;www.stojanovaskolasabac.edu.rs
Војислава Илића- од улице Краља Милутина ;"ОШ ""Стојан Новаковић"" Шабац";https://i.ibb.co/n13JCHS/stojanova-skola.jpg;"015/ 334-910;  015/334-911";Војводе Јанка Стојићевића бр. 38, 15000 Шабац;osstojan@gmail.com;www.stojanovaskolasabac.edu.rs
Вучедолска;"ОШ ""Стојан Новаковић"" Шабац";https://i.ibb.co/n13JCHS/stojanova-skola.jpg;"015/ 334-910;  015/334-911";Војводе Јанка Стојићевића бр. 38, 15000 Шабац;osstojan@gmail.com;www.stojanovaskolasabac.edu.rs
Дринска;"ОШ ""Стојан Новаковић"" Шабац";https://i.ibb.co/n13JCHS/stojanova-skola.jpg;"015/ 334-910;  015/334-911";Војводе Јанка Стојићевића бр. 38, 15000 Шабац;osstojan@gmail.com;www.stojanovaskolasabac.edu.rs
Ђурђа Бранковића;"ОШ ""Стојан Новаковић"" Шабац";https://i.ibb.co/n13JCHS/stojanova-skola.jpg;"015/ 334-910;  015/334-911";Војводе Јанка Стојићевића бр. 38, 15000 Шабац;osstojan@gmail.com;www.stojanovaskolasabac.edu.rs
Ђуре Даничића;"ОШ ""Стојан Новаковић"" Шабац";https://i.ibb.co/n13JCHS/stojanova-skola.jpg;"015/ 334-910;  015/334-911";Војводе Јанка Стојићевића бр. 38, 15000 Шабац;osstojan@gmail.com;www.stojanovaskolasabac.edu.rs
Иве Андрића;"ОШ ""Стојан Новаковић"" Шабац";https://i.ibb.co/n13JCHS/stojanova-skola.jpg;"015/ 334-910;  015/334-911";Војводе Јанка Стојићевића бр. 38, 15000 Шабац;osstojan@gmail.com;www.stojanovaskolasabac.edu.rs
Илије Спириновца;"ОШ ""Стојан Новаковић"" Шабац";https://i.ibb.co/n13JCHS/stojanova-skola.jpg;"015/ 334-910;  015/334-911";Војводе Јанка Стојићевића бр. 38, 15000 Шабац;osstojan@gmail.com;www.stojanovaskolasabac.edu.rs
Јасеновачких жртава;"ОШ ""Стојан Новаковић"" Шабац";https://i.ibb.co/n13JCHS/stojanova-skola.jpg;"015/ 334-910;  015/334-911";Војводе Јанка Стојићевића бр. 38, 15000 Шабац;osstojan@gmail.com;www.stojanovaskolasabac.edu.rs
Јована Дучића;"ОШ ""Стојан Новаковић"" Шабац";https://i.ibb.co/n13JCHS/stojanova-skola.jpg;"015/ 334-910;  015/334-911";Војводе Јанка Стојићевића бр. 38, 15000 Шабац;osstojan@gmail.com;www.stojanovaskolasabac.edu.rs
Јована Томића Белова;"ОШ ""Стојан Новаковић"" Шабац";https://i.ibb.co/n13JCHS/stojanova-skola.jpg;"015/ 334-910;  015/334-911";Војводе Јанка Стојићевића бр. 38, 15000 Шабац;osstojan@gmail.com;www.stojanovaskolasabac.edu.rs
Кнегиње Зорке;"ОШ ""Стојан Новаковић"" Шабац";https://i.ibb.co/n13JCHS/stojanova-skola.jpg;"015/ 334-910;  015/334-911";Војводе Јанка Стојићевића бр. 38, 15000 Шабац;osstojan@gmail.com;www.stojanovaskolasabac.edu.rs
Косте Николића;"ОШ ""Стојан Новаковић"" Шабац";https://i.ibb.co/n13JCHS/stojanova-skola.jpg;"015/ 334-910;  015/334-911";Војводе Јанка Стојићевића бр. 38, 15000 Шабац;osstojan@gmail.com;www.stojanovaskolasabac.edu.rs
Краља Милутина-од  улице Војводе Мишића -лева страна од центра града;"ОШ ""Стојан Новаковић"" Шабац";https://i.ibb.co/n13JCHS/stojanova-skola.jpg;"015/ 334-910;  015/334-911";Војводе Јанка Стојићевића бр. 38, 15000 Шабац;osstojan@gmail.com;www.stojanovaskolasabac.edu.rs
Краља Радослава;"ОШ ""Стојан Новаковић"" Шабац";https://i.ibb.co/n13JCHS/stojanova-skola.jpg;"015/ 334-910;  015/334-911";Војводе Јанка Стојићевића бр. 38, 15000 Шабац;osstojan@gmail.com;www.stojanovaskolasabac.edu.rs
Краља Уроша;"ОШ ""Стојан Новаковић"" Шабац";https://i.ibb.co/n13JCHS/stojanova-skola.jpg;"015/ 334-910;  015/334-911";Војводе Јанка Стојићевића бр. 38, 15000 Шабац;osstojan@gmail.com;www.stojanovaskolasabac.edu.rs
Леонарда Да Винчија- од  улице Краља Милутина;"ОШ ""Стојан Новаковић"" Шабац";https://i.ibb.co/n13JCHS/stojanova-skola.jpg;"015/ 334-910;  015/334-911";Војводе Јанка Стојићевића бр. 38, 15000 Шабац;osstojan@gmail.com;www.stojanovaskolasabac.edu.rs
Меше Селимовића;"ОШ ""Стојан Новаковић"" Шабац";https://i.ibb.co/n13JCHS/stojanova-skola.jpg;"015/ 334-910;  015/334-911";Војводе Јанка Стојићевића бр. 38, 15000 Шабац;osstojan@gmail.com;www.stojanovaskolasabac.edu.rs
Милана Ракића;"ОШ ""Стојан Новаковић"" Шабац";https://i.ibb.co/n13JCHS/stojanova-skola.jpg;"015/ 334-910;  015/334-911";Војводе Јанка Стојићевића бр. 38, 15000 Шабац;osstojan@gmail.com;www.stojanovaskolasabac.edu.rs
Милисава Куртовића;"ОШ ""Стојан Новаковић"" Шабац";https://i.ibb.co/n13JCHS/stojanova-skola.jpg;"015/ 334-910;  015/334-911";Војводе Јанка Стојићевића бр. 38, 15000 Шабац;osstojan@gmail.com;www.stojanovaskolasabac.edu.rs
Милоша Црњанског;"ОШ ""Стојан Новаковић"" Шабац";https://i.ibb.co/n13JCHS/stojanova-skola.jpg;"015/ 334-910;  015/334-911";Војводе Јанка Стојићевића бр. 38, 15000 Шабац;osstojan@gmail.com;www.stojanovaskolasabac.edu.rs
Михаила Рашића;"ОШ ""Стојан Новаковић"" Шабац";https://i.ibb.co/n13JCHS/stojanova-skola.jpg;"015/ 334-910;  015/334-911";Војводе Јанка Стојићевића бр. 38, 15000 Шабац;osstojan@gmail.com;www.stojanovaskolasabac.edu.rs
Мишарска;"ОШ ""Стојан Новаковић"" Шабац";https://i.ibb.co/n13JCHS/stojanova-skola.jpg;"015/ 334-910;  015/334-911";Војводе Јанка Стојићевића бр. 38, 15000 Шабац;osstojan@gmail.com;www.stojanovaskolasabac.edu.rs
Моравска;"ОШ ""Стојан Новаковић"" Шабац";https://i.ibb.co/n13JCHS/stojanova-skola.jpg;"015/ 334-910;  015/334-911";Војводе Јанка Стојићевића бр. 38, 15000 Шабац;osstojan@gmail.com;www.stojanovaskolasabac.edu.rs
Николаја Велимировића;"ОШ ""Стојан Новаковић"" Шабац";https://i.ibb.co/n13JCHS/stojanova-skola.jpg;"015/ 334-910;  015/334-911";Војводе Јанка Стојићевића бр. 38, 15000 Шабац;osstojan@gmail.com;www.stojanovaskolasabac.edu.rs
Нова 97;"ОШ ""Стојан Новаковић"" Шабац";https://i.ibb.co/n13JCHS/stojanova-skola.jpg;"015/ 334-910;  015/334-911";Војводе Јанка Стојићевића бр. 38, 15000 Шабац;osstojan@gmail.com;www.stojanovaskolasabac.edu.rs
Нова 99;"ОШ ""Стојан Новаковић"" Шабац";https://i.ibb.co/n13JCHS/stojanova-skola.jpg;"015/ 334-910;  015/334-911";Војводе Јанка Стојићевића бр. 38, 15000 Шабац;osstojan@gmail.com;www.stojanovaskolasabac.edu.rs
Панте Рабаџије;"ОШ ""Стојан Новаковић"" Шабац";https://i.ibb.co/n13JCHS/stojanova-skola.jpg;"015/ 334-910;  015/334-911";Војводе Јанка Стојићевића бр. 38, 15000 Шабац;osstojan@gmail.com;www.stojanovaskolasabac.edu.rs
Пупинова;"ОШ ""Стојан Новаковић"" Шабац";https://i.ibb.co/n13JCHS/stojanova-skola.jpg;"015/ 334-910;  015/334-911";Војводе Јанка Стојићевића бр. 38, 15000 Шабац;osstojan@gmail.com;www.stojanovaskolasabac.edu.rs
Пушкинова;"ОШ ""Стојан Новаковић"" Шабац";https://i.ibb.co/n13JCHS/stojanova-skola.jpg;"015/ 334-910;  015/334-911";Војводе Јанка Стојићевића бр. 38, 15000 Шабац;osstojan@gmail.com;www.stojanovaskolasabac.edu.rs
Раје Дамњановића;"ОШ ""Стојан Новаковић"" Шабац";https://i.ibb.co/n13JCHS/stojanova-skola.jpg;"015/ 334-910;  015/334-911";Војводе Јанка Стојићевића бр. 38, 15000 Шабац;osstojan@gmail.com;www.stojanovaskolasabac.edu.rs
Светог Саве;"ОШ ""Стојан Новаковић"" Шабац";https://i.ibb.co/n13JCHS/stojanova-skola.jpg;"015/ 334-910;  015/334-911";Војводе Јанка Стојићевића бр. 38, 15000 Шабац;osstojan@gmail.com;www.stojanovaskolasabac.edu.rs
Симе Милутиновића;"ОШ ""Стојан Новаковић"" Шабац";https://i.ibb.co/n13JCHS/stojanova-skola.jpg;"015/ 334-910;  015/334-911";Војводе Јанка Стојићевића бр. 38, 15000 Шабац;osstojan@gmail.com;www.stojanovaskolasabac.edu.rs
Симе Тројановића;"ОШ ""Стојан Новаковић"" Шабац";https://i.ibb.co/n13JCHS/stojanova-skola.jpg;"015/ 334-910;  015/334-911";Војводе Јанка Стојићевића бр. 38, 15000 Шабац;osstojan@gmail.com;www.stojanovaskolasabac.edu.rs
Срдан Илије;"ОШ ""Стојан Новаковић"" Шабац";https://i.ibb.co/n13JCHS/stojanova-skola.jpg;"015/ 334-910;  015/334-911";Војводе Јанка Стојићевића бр. 38, 15000 Шабац;osstojan@gmail.com;www.stojanovaskolasabac.edu.rs
Сретењска;"ОШ ""Стојан Новаковић"" Шабац";https://i.ibb.co/n13JCHS/stojanova-skola.jpg;"015/ 334-910;  015/334-911";Војводе Јанка Стојићевића бр. 38, 15000 Шабац;osstojan@gmail.com;www.stojanovaskolasabac.edu.rs
Стеријина;"ОШ ""Стојан Новаковић"" Шабац";https://i.ibb.co/n13JCHS/stojanova-skola.jpg;"015/ 334-910;  015/334-911";Војводе Јанка Стојићевића бр. 38, 15000 Шабац;osstojan@gmail.com;www.stojanovaskolasabac.edu.rs
Стојана Бошковића;"ОШ ""Стојан Новаковић"" Шабац";https://i.ibb.co/n13JCHS/stojanova-skola.jpg;"015/ 334-910;  015/334-911";Војводе Јанка Стојићевића бр. 38, 15000 Шабац;osstojan@gmail.com;www.stojanovaskolasabac.edu.rs
Станоја Главаша;"ОШ ""Стојан Новаковић"" Шабац";https://i.ibb.co/n13JCHS/stojanova-skola.jpg;"015/ 334-910;  015/334-911";Војводе Јанка Стојићевића бр. 38, 15000 Шабац;osstojan@gmail.com;www.stojanovaskolasabac.edu.rs
Ћирила и Методија- од улице  Краља Милутина;"ОШ ""Стојан Новаковић"" Шабац";https://i.ibb.co/n13JCHS/stojanova-skola.jpg;"015/ 334-910;  015/334-911";Војводе Јанка Стојићевића бр. 38, 15000 Шабац;osstojan@gmail.com;www.stojanovaskolasabac.edu.rs
Ускочка;"ОШ ""Стојан Новаковић"" Шабац";https://i.ibb.co/n13JCHS/stojanova-skola.jpg;"015/ 334-910;  015/334-911";Војводе Јанка Стојићевића бр. 38, 15000 Шабац;osstojan@gmail.com;www.stojanovaskolasabac.edu.rs
Устаничка;"ОШ ""Стојан Новаковић"" Шабац";https://i.ibb.co/n13JCHS/stojanova-skola.jpg;"015/ 334-910;  015/334-911";Војводе Јанка Стојићевића бр. 38, 15000 Шабац;osstojan@gmail.com;www.stojanovaskolasabac.edu.rs
Фрушкогорска;"ОШ ""Стојан Новаковић"" Шабац";https://i.ibb.co/n13JCHS/stojanova-skola.jpg;"015/ 334-910;  015/334-911";Војводе Јанка Стојићевића бр. 38, 15000 Шабац;osstojan@gmail.com;www.stojanovaskolasabac.edu.rs
Хајдук Вељкова- од Краља Милутина до Обилазног пута;"ОШ ""Стојан Новаковић"" Шабац";https://i.ibb.co/n13JCHS/stojanova-skola.jpg;"015/ 334-910;  015/334-911";Војводе Јанка Стојићевића бр. 38, 15000 Шабац;osstojan@gmail.com;www.stojanovaskolasabac.edu.rs
